cdn-manifest.tsv	https://cdn.thunder-project.xyz/cdn-manifest.tsv
main-logo/REDACTED-round-logo.png	https://cdn.thunder-project.xyz/main-logo/REDACTED-round-logo.png
main/application-banner.png	https://cdn.thunder-project.xyz/main/application-banner.png
main/REDACTED-glitched-banner.gif	https://cdn.thunder-project.xyz/main/REDACTED-glitched-banner.gif
main/gathering-for-patrol.png	https://cdn.thunder-project.xyz/main/gathering-for-patrol.png
main/hall-of-fame-roster-banner.png	https://cdn.thunder-project.xyz/main/hall-of-fame-roster-banner.png
main/logo-on-hand.png	https://cdn.thunder-project.xyz/main/logo-on-hand.png
random/capturing-drug-criminal-2.png	https://cdn.thunder-project.xyz/random/capturing-drug-criminal-2.png
random/capturing-drug-criminal.png	https://cdn.thunder-project.xyz/random/capturing-drug-criminal.png
random/oneline.png	https://cdn.thunder-project.xyz/random/oneline.png
random/patrolling.png	https://cdn.thunder-project.xyz/random/patrolling.png
random/standing-next-to-each-other-2.png	https://cdn.thunder-project.xyz/random/standing-next-to-each-other-2.png
random/standing-next-to-each-other-3.png	https://cdn.thunder-project.xyz/random/standing-next-to-each-other-3.png
random/standing-next-to-each-other.png	https://cdn.thunder-project.xyz/random/standing-next-to-each-other.png
